,Symbol
0,AACG
1,AACI
2,AACIU
3,AADI
4,AAGR
5,AAGRW
6,AAL
7,AAME
8,AAOI
9,AAON
10,AAPL
11,ABAT
12,ABCB
13,ABCL
14,ABEO
15,ABIO
16,ABL
17,ABLLL
18,ABLLW
19,ABLV
20,ABLVW
21,ABNB
22,ABOS
23,ABSI
24,ABTS
25,ABUS
26,ABVC
27,ABVX
28,ACAB
29,ACABU
30,ACABW
31,ACAC
32,ACACU
33,ACACW
34,ACAD
35,ACB
36,ACCD
37,ACDC
38,ACET
39,ACGL
40,ACGLN
41,ACGLO
42,ACHC
43,ACHL
44,ACHV
45,ACIC
46,ACIU
47,ACIW
48,ACLS
49,ACLX
50,ACMR
51,ACNB
52,ACNT
53,ACON
54,ACONW
55,ACRS
56,ACRV
57,ACST
58,ACT
59,ACTG
60,ACVA
61,ACXP
62,ADAG
63,ADAP
64,ADBE
65,ADD
66,ADEA
67,ADI
68,ADIL
69,ADMA
70,ADN
71,ADNWW
72,ADP
73,ADPT
74,ADSE
75,ADSEW
76,ADSK
77,ADTN
78,ADTX
79,ADUS
80,ADV
81,ADVM
82,ADVWW
83,ADXN
84,AEAE
85,AEHL
86,AEHR
87,AEI
88,AEIS
89,AEMD
90,AENT
91,AEP
92,AERT
93,AEYE
94,AEZS
95,AFAR
96,AFBI
97,AFCG
98,AFJK
99,AFJKR
100,AFMD
101,AFRI
102,AFRIW
103,AFRM
104,AFYA
105,AGAE
106,AGBA
107,AGBAW
108,AGEN
109,AGFY
110,AGIO
111,AGMH
112,AGNC
113,AGNCL
114,AGNCM
115,AGNCN
116,AGNCO
117,AGNCP
118,AGRI
119,AGRIW
120,AGYS
121,AHCO
122,AHG
123,AIEV
124,AIHS
125,AILE
126,AILEW
127,AIMBU
128,AIMD
129,AIP
130,AIRE
131,AIRG
132,AIRJ
133,AIRJW
134,AIRS
135,AIRT
136,AIRTP
137,AISP
138,AISPW
139,AITR
140,AITRU
141,AIXI
142,AKAM
143,AKAN
144,AKBA
145,AKLI
146,AKRO
147,AKTS
148,AKTX
149,AKYA
150,ALAB
151,ALAR
152,ALBT
153,ALCE
154,ALCO
155,ALCY
156,ALCYW
157,ALDX
158,ALEC
159,ALFUU
160,ALGM
161,ALGN
162,ALGS
163,ALGT
164,ALHC
165,ALIM
166,ALKS
167,ALKT
168,ALLK
169,ALLO
170,ALLR
171,ALLT
172,ALMS
173,ALNT
174,ALNY
175,ALOT
176,ALPP
177,ALRM
178,ALRN
179,ALRS
180,ALSA
181,ALSAR
182,ALSAU
183,ALSAW
184,ALT
185,ALTI
186,ALTO
187,ALTR
188,ALVO
189,ALVOW
190,ALVR
191,ALXO
192,ALZN
193,AMAL
194,AMAT
195,AMBA
196,AMCX
197,AMD
198,AMED
199,AMGN
200,AMIX
201,AMKR
202,AMLI
203,AMLX
204,AMPG
205,AMPH
206,AMPL
207,AMRK
208,AMRN
209,AMRX
210,AMSC
211,AMSF
212,AMST
213,AMSWA
214,AMTX
215,AMWD
216,AMZN
217,ANAB
218,ANDE
219,ANEB
220,ANGH
221,ANGHW
222,ANGI
223,ANGO
224,ANIK
225,ANIP
226,ANIX
227,ANL
228,ANNX
229,ANSC
230,ANSCW
231,ANSS
232,ANTE
233,ANTX
234,ANY
235,AOGO
236,AOGOW
237,AOSL
238,AOUT
239,APA
240,APCX
241,APCXW
242,APDN
243,APEI
244,APGE
245,API
246,APLD
247,APLM
248,APLMW
249,APLS
250,APLT
251,APM
252,APOG
253,APP
254,APPF
255,APPN
256,APPS
257,APRE
258,APTO
259,APVO
260,APWC
261,APXI
262,APXIW
263,APYX
264,AQB
265,AQMS
266,AQST
267,AQU
268,ARAY
269,ARBB
270,ARBE
271,ARBEW
272,ARBK
273,ARBKL
274,ARCB
275,ARCC
276,ARCT
277,ARDX
278,AREB
279,AREBW
280,AREC
281,ARGX
282,ARHS
283,ARKO
284,ARKOW
285,ARKR
286,ARLP
287,ARM
288,AROW
289,ARQ
290,ARQQ
291,ARQQW
292,ARQT
293,ARRY
294,ARTL
295,ARTNA
296,ARTW
297,ARVN
298,ARWR
299,ARYD
300,ASCB
301,ASCBR
302,ASCBW
303,ASLE
304,ASLN
305,ASMB
306,ASML
307,ASND
308,ASNS
309,ASO
310,ASPI
311,ASPS
312,ASRT
313,ASRV
314,ASST
315,ASTC
316,ASTE
317,ASTH
318,ASTI
319,ASTL
320,ASTLW
321,ASTR
322,ASTS
323,ASTSW
324,ASUR
325,ASYS
326,ATAI
327,ATAT
328,ATCOL
329,ATEC
330,ATER
331,ATEX
332,ATGL
333,ATHA
334,ATHE
335,ATIF
336,ATLC
337,ATLCL
338,ATLCP
339,ATLCZ
340,ATLO
341,ATLX
342,ATMC
343,ATMCR
344,ATMCW
345,ATMV
346,ATMVR
347,ATNF
348,ATNFW
349,ATNI
350,ATOM
351,ATOS
352,ATPC
353,ATRA
354,ATRC
355,ATRI
356,ATRO
357,ATSG
358,ATXG
359,ATXI
360,ATXS
361,ATYR
362,AUBN
363,AUDC
364,AUGX
365,AUID
366,AUPH
367,AUR
368,AURA
369,AUROW
370,AUTL
371,AUUD
372,AUUDW
373,AVAH
374,AVAV
375,AVBP
376,AVDL
377,AVDX
378,AVGO
379,AVGR
380,AVIR
381,AVNW
382,AVO
383,AVPT
384,AVPTW
385,AVT
386,AVTE
387,AVTX
388,AVXL
389,AWH
390,AWRE
391,AXDX
392,AXGN
393,AXNX
394,AXON
395,AXSM
396,AXTI
397,AY
398,AYRO
399,AYTU
400,AZ
401,AZN
402,AZPN
403,AZTA
404,BACK
405,BAER
406,BAERW
407,BAFN
408,BAND
409,BANF
410,BANFP
411,BANL
412,BANR
413,BANX
414,BAOS
415,BASE
416,BATRA
417,BATRK
418,BAYA
419,BBCP
420,BBGI
421,BBIO
422,BBLG
423,BBLGW
424,BBSI
425,BCAB
426,BCAL
427,BCAN
428,BCBP
429,BCDA
430,BCDAW
431,BCG
432,BCLI
433,BCML
434,BCOV
435,BCOW
436,BCPC
437,BCRX
438,BCSA
439,BCSAU
440,BCSAW
441,BCTX
442,BCTXW
443,BCYC
444,BDRX
445,BDSX
446,BDTX
447,BEAM
448,BEAT
449,BEATW
450,BECN
451,BEEM
452,BELFA
453,BELFB
454,BENF
455,BENFW
456,BETR
457,BETRW
458,BFC
459,BFI
460,BFIIW
461,BFIN
462,BFRG
463,BFRGW
464,BFRI
465,BFRIW
466,BFST
467,BGC
468,BGFV
469,BGLC
470,BGNE
471,BGXX
472,BHAC
473,BHACW
474,BHAT
475,BHF
476,BHFAL
477,BHFAM
478,BHFAN
479,BHFAO
480,BHFAP
481,BHRB
482,BIAF
483,BIAFW
484,BIDU
485,BIGC
486,BIIB
487,BILI
488,BIMI
489,BIOR
490,BIOX
491,BIRD
492,BITF
493,BIVI
494,BJDX
495,BJRI
496,BKHA
497,BKHAR
498,BKHAU
499,BKNG
500,BKR
501,BKYI
502,BL
503,BLAC
504,BLBD
505,BLBX
506,BLDE
507,BLDEW
508,BLDP
509,BLEUW
510,BLFS
511,BLFY
512,BLIN
513,BLKB
514,BLMN
515,BLNK
516,BLRX
517,BLTE
518,BLUE
519,BLZE
520,BMBL
521,BMEA
522,BMR
523,BMRA
524,BMRC
525,BMRN
526,BNAI
527,BNAIW
528,BNGO
529,BNIX
530,BNIXR
531,BNIXW
532,BNOX
533,BNR
534,BNRG
535,BNTC
536,BNTX
537,BNZI
538,BNZIW
539,BOCN
540,BOCNU
541,BOF
542,BOKF
543,BOLD
544,BOLT
545,BON
546,BOOM
547,BOSC
548,BOTJ
549,BOWN
550,BOWNR
551,BOWNU
552,BOXL
553,BPMC
554,BPOP
555,BPOPM
556,BPRN
557,BPTH
558,BPYPM
559,BPYPN
560,BPYPO
561,BPYPP
562,BRAC
563,BRAG
564,BREA
565,BRFH
566,BRID
567,BRKH
568,BRKHW
569,BRKL
570,BRKR
571,BRLS
572,BRLSW
573,BRLT
574,BRNS
575,BROG
576,BRTX
577,BRY
578,BRZE
579,BSBK
580,BSET
581,BSFC
582,BSRR
583,BSVN
584,BSY
585,BTAI
586,BTBD
587,BTBT
588,BTCS
589,BTCT
590,BTCTW
591,BTCY
592,BTDR
593,BTM
594,BTMD
595,BTMWW
596,BTOC
597,BTOG
598,BTSG
599,BTSGU
600,BUJA
601,BUJAR
602,BUJAW
603,BUSE
604,BVFL
605,BVS
606,BWAQ
607,BWAQW
608,BWAY
609,BWB
610,BWBBP
611,BWEN
612,BWFG
613,BWIN
614,BWMN
615,BYFC
616,BYND
617,BYNO
618,BYNOW
619,BYRN
620,BYSI
621,BYU
622,BZ
623,BZFD
624,BZFDW
625,BZUN
626,CAAS
627,CABA
628,CAC
629,CACC
630,CACO
631,CADL
632,CAKE
633,CALB
634,CALC
635,CALM
636,CALT
637,CAMT
638,CAN
639,CAPR
640,CAPT
641,CAPTW
642,CAR
643,CARA
644,CARE
645,CARG
646,CARM
647,CART
648,CARV
649,CASH
650,CASI
651,CASS
652,CASY
653,CATC
654,CATY
655,CAUD
656,CBAN
657,CBAT
658,CBFV
659,CBNK
660,CBRG
661,CBRL
662,CBSH
663,CBUS
664,CCAP
665,CCB
666,CCBG
667,CCCC
668,CCCS
669,CCD
670,CCEP
671,CCG
672,CCGWW
673,CCIX
674,CCIXU
675,CCIXW
676,CCLD
677,CCLDO
678,CCLDP
679,CCNE
680,CCNEP
681,CCOI
682,CCRN
683,CCSI
684,CCTG
685,CCTSW
686,CDAQ
687,CDAQW
688,CDIO
689,CDIOW
690,CDLX
691,CDMO
692,CDNA
693,CDNS
694,CDRO
695,CDROW
696,CDT
697,CDTG
698,CDTTW
699,CDTX
700,CDW
701,CDXC
702,CDXS
703,CDZI
704,CDZIP
705,CEAD
706,CEADW
707,CECO
708,CEG
709,CELC
710,CELH
711,CELU
712,CELUW
713,CELZ
714,CENN
715,CENT
716,CENTA
717,CENX
718,CERE
719,CERO
720,CEROW
721,CERS
722,CERT
723,CETU
724,CETUR
725,CETUW
726,CETX
727,CETY
728,CEVA
729,CFB
730,CFBK
731,CFFI
732,CFFN
733,CFFS
734,CFFSU
735,CFFSW
736,CFLT
737,CFSB
738,CG
739,CGABL
740,CGBD
741,CGBDL
742,CGC
743,CGEM
744,CGEN
745,CGNT
746,CGNX
747,CGO
748,CGON
749,CGTX
750,CHCI
751,CHCO
752,CHDN
753,CHEF
754,CHEK
755,CHI
756,CHK
757,CHKEL
758,CHKEW
759,CHKEZ
760,CHKP
761,CHMG
762,CHNR
763,CHR
764,CHRD
765,CHRS
766,CHRW
767,CHSCL
768,CHSCM
769,CHSCN
770,CHSCO
771,CHSCP
772,CHSN
773,CHTR
774,CHUY
775,CHW
776,CHX
777,CHY
778,CIFR
779,CIFRW
780,CIGI
781,CINF
782,CING
783,CINGW
784,CISO
785,CISS
786,CITE
787,CITEU
788,CITEW
789,CIVB
790,CJET
791,CJJD
792,CKPT
793,CLAR
794,CLBK
795,CLBT
796,CLBTW
797,CLDX
798,CLEU
799,CLFD
800,CLGN
801,CLIR
802,CLLS
803,CLMB
804,CLMT
805,CLNE
806,CLNN
807,CLNNW
808,CLOE
809,CLOER
810,CLOEU
811,CLOV
812,CLPS
813,CLPT
814,CLRB
815,CLRC
816,CLRO
817,CLSD
818,CLSK
819,CLST
820,CLWT
821,CMAX
822,CMAXW
823,CMBM
824,CMCO
825,CMCSA
826,CMCT
827,CME
828,CMLS
829,CMMB
830,CMND
831,CMPO
832,CMPOW
833,CMPR
834,CMPS
835,CMPX
836,CMRX
837,CMTL
838,CNDT
839,CNET
840,CNEY
841,CNFR
842,CNFRZ
843,CNGL
844,CNOB
845,CNOBP
846,CNSL
847,CNSP
848,CNTA
849,CNTB
850,CNTG
851,CNTX
852,CNTY
853,CNVS
854,CNXC
855,CNXN
856,COCH
857,COCHW
858,COCO
859,COCP
860,CODA
861,CODX
862,COEP
863,COEPW
864,COFS
865,COGT
866,COHU
867,COIN
868,COKE
869,COLB
870,COLL
871,COLM
872,COMM
873,CONN
874,COO
875,COOP
876,COOT
877,CORT
878,CORZ
879,CORZW
880,CORZZ
881,COSM
882,COST
883,COYA
884,CPBI
885,CPHC
886,CPIX
887,CPLP
888,CPOP
889,CPRT
890,CPRX
891,CPSH
892,CPSS
893,CPTN
894,CPTNW
895,CPZ
896,CRAI
897,CRBP
898,CRBU
899,CRCT
900,CRDF
901,CRDL
902,CRDO
903,CREG
904,CRESW
905,CRESY
906,CREV
907,CREVW
908,CREX
909,CRGO
910,CRGOW
911,CRGX
912,CRIS
913,CRKN
914,CRMD
915,CRML
916,CRMLW
917,CRMT
918,CRNC
919,CRNT
920,CRNX
921,CRON
922,CROX
923,CRSP
924,CRSR
925,CRTO
926,CRUS
927,CRVL
928,CRVO
929,CRVS
930,CRWD
931,CRWS
932,CSBR
933,CSCO
934,CSGP
935,CSGS
936,CSIQ
937,CSLM
938,CSLR
939,CSPI
940,CSQ
941,CSSE
942,CSSEL
943,CSSEN
944,CSSEP
945,CSTE
946,CSTL
947,CSWC
948,CSWCZ
949,CSWI
950,CSX
951,CTAS
952,CTBI
953,CTCX
954,CTHR
955,CTKB
956,CTLP
957,CTMX
958,CTNM
959,CTNT
960,CTRM
961,CTRN
962,CTSH
963,CTSO
964,CTXR
965,CUBA
966,CUBWU
967,CUE
968,CULL
969,CURI
970,CURIW
971,CUTR
972,CVAC
973,CVBF
974,CVCO
975,CVGI
976,CVGW
977,CVII
978,CVIIU
979,CVIIW
980,CVKD
981,CVLG
982,CVLT
983,CVLY
984,CVRX
985,CVV
986,CWBC
987,CWCO
988,CWD
989,CWST
990,CXAI
991,CXAIW
992,CXDO
993,CYBR
994,CYCC
995,CYCCP
996,CYCN
997,CYN
998,CYRX
999,CYTH
1000,CYTHW
1001,CYTK
1002,CYTO
1003,CZFS
1004,CZNC
1005,CZR
1006,CZWI
1007,DADA
1008,DAIO
1009,DAKT
1010,DALN
1011,DARE
1012,DASH
1013,DATS
1014,DATSW
1015,DAVE
1016,DAVEW
1017,DAWN
1018,DBGI
1019,DBVT
1020,DBX
1021,DCBO
1022,DCGO
1023,DCOM
1024,DCOMP
1025,DCTH
1026,DDI
1027,DDOG
1028,DECA
1029,DECAU
1030,DECAW
1031,DENN
1032,DERM
1033,DFLI
1034,DFLIW
1035,DGHI
1036,DGICA
1037,DGICB
1038,DGII
1039,DGLY
1040,DH
1041,DHAI
1042,DHAIW
1043,DHC
1044,DHCNI
1045,DHCNL
1046,DHIL
1047,DIBS
1048,DIOD
1049,DIST
1050,DISTR
1051,DISTW
1052,DJCO
1053,DJT
1054,DJTWW
1055,DKNG
1056,DLHC
1057,DLO
1058,DLPN
1059,DLTH
1060,DLTR
1061,DMAC
1062,DMLP
1063,DMRC
1064,DNLI
1065,DNTH
1066,DNUT
1067,DOCU
1068,DOGZ
1069,DOMH
1070,DOMO
1071,DOOO
1072,DORM
1073,DOX
1074,DOYU
1075,DPCS
1076,DPCSU
1077,DPCSW
1078,DPRO
1079,DRCT
1080,DRIO
1081,DRMA
1082,DRMAW
1083,DRRX
1084,DRS
1085,DRTS
1086,DRTSW
1087,DRUG
1088,DRVN
1089,DSGN
1090,DSGR
1091,DSGX
1092,DSP
1093,DSWL
1094,DSY
1095,DSYWW
1096,DTCK
1097,DTI
1098,DTIL
1099,DTSS
1100,DTST
1101,DTSTW
1102,DUET
1103,DUO
1104,DUOL
1105,DUOT
1106,DVAX
1107,DWSN
1108,DXCM
1109,DXLG
1110,DXPE
1111,DXR
1112,DXYN
1113,DYAI
1114,DYCQ
1115,DYCQR
1116,DYCQU
1117,DYN
1118,DYNT
1119,DZSI
1120,EA
1121,EAST
1122,EBAY
1123,EBC
1124,EBMT
1125,EBON
1126,EBTC
1127,ECBK
1128,ECDA
1129,ECDAW
1130,ECOR
1131,ECPG
1132,ECX
1133,ECXWW
1134,EDAP
1135,EDBL
1136,EDBLW
1137,EDIT
1138,EDRY
1139,EDSA
1140,EDTK
1141,EDUC
1142,EEFT
1143,EEIQ
1144,EFOI
1145,EFSC
1146,EFSCP
1147,EFTR
1148,EFTRW
1149,EGAN
1150,EGBN
1151,EGHT
1152,EGIO
1153,EGRX
1154,EH
1155,EHTH
1156,EJH
1157,EKSO
1158,ELAB
1159,ELBM
1160,ELDN
1161,ELEV
1162,ELSE
1163,ELTK
1164,ELTX
1165,ELUT
1166,ELVA
1167,ELVN
1168,ELWS
1169,ELYM
1170,EM
1171,EMBC
1172,EMCG
1173,EMKR
1174,EML
1175,EMLD
1176,EMLDW
1177,ENG
1178,ENGN
1179,ENGNW
1180,ENLT
1181,ENLV
1182,ENPH
1183,ENSC
1184,ENSG
1185,ENTA
1186,ENTG
1187,ENTO
1188,ENTX
1189,ENVB
1190,ENVX
1191,EOLS
1192,EOSE
1193,EOSEW
1194,EPIX
1195,EPOW
1196,EPRX
1197,EPSN
1198,EQ
1199,EQIX
1200,ERAS
1201,ERIC
1202,ERIE
1203,ERII
1204,ERNA
1205,ESCA
1206,ESEA
1207,ESGL
1208,ESGLW
1209,ESGR
1210,ESGRO
1211,ESGRP
1212,ESHA
1213,ESHAR
1214,ESLA
1215,ESLT
1216,ESOA
1217,ESPR
1218,ESQ
1219,ESSA
1220,ESTA
1221,ETNB
1222,ETON
1223,ETSY
1224,EU
1225,EUDA
1226,EUDAW
1227,EVAX
1228,EVBG
1229,EVCM
1230,EVER
1231,EVGN
1232,EVGO
1233,EVGOW
1234,EVGR
1235,EVGRW
1236,EVLV
1237,EVLVW
1238,EVO
1239,EVOK
1240,EVRG
1241,EVTV
1242,EWBC
1243,EWCZ
1244,EWTX
1245,EXAI
1246,EXAS
1247,EXC
1248,EXEL
1249,EXFY
1250,EXLS
1251,EXPE
1252,EXPI
1253,EXPO
1254,EXTR
1255,EYE
1256,EYEN
1257,EYPT
1258,EZFL
1259,EZGO
1260,EZPW
1261,FA
1262,FAAS
1263,FAASW
1264,FAMI
1265,FANG
1266,FANH
1267,FARM
1268,FARO
1269,FAST
1270,FAT
1271,FATBB
1272,FATBP
1273,FATBW
1274,FATE
1275,FBIO
1276,FBIOP
1277,FBIZ
1278,FBLG
1279,FBNC
1280,FBRX
1281,FBYD
1282,FBYDW
1283,FCAP
1284,FCBC
1285,FCCO
1286,FCEL
1287,FCFS
1288,FCNCA
1289,FCNCO
1290,FCNCP
1291,FCUV
1292,FDBC
1293,FDMT
1294,FDUS
1295,FEAM
1296,FEBO
1297,FEIM
1298,FELE
1299,FEMY
1300,FENC
1301,FER
1302,FFBC
1303,FFIC
1304,FFIE
1305,FFIEW
1306,FFIN
1307,FFIV
1308,FFNW
1309,FGBI
1310,FGBIP
1311,FGEN
1312,FGF
1313,FGFPP
1314,FGI
1315,FGIWW
1316,FHB
1317,FHTX
1318,FIACW
1319,FIBK
1320,FINW
1321,FIP
1322,FISI
1323,FITB
1324,FITBI
1325,FITBO
1326,FITBP
1327,FIVE
1328,FIVN
1329,FIZZ
1330,FKWL
1331,FLEX
1332,FLGC
1333,FLGT
1334,FLIC
1335,FLL
1336,FLNC
1337,FLNT
1338,FLUX
1339,FLWS
1340,FLXS
1341,FLYE
1342,FLYW
1343,FMAO
1344,FMBH
1345,FMNB
1346,FMST
1347,FNCB
1348,FNGR
1349,FNKO
1350,FNLC
1351,FNVT
1352,FNWB
1353,FNWD
1354,FOLD
1355,FONR
1356,FORA
1357,FORD
1358,FORL
1359,FORLU
1360,FORLW
1361,FORM
1362,FORR
1363,FORTY
1364,FOSL
1365,FOSLL
1366,FOX
1367,FOXA
1368,FOXF
1369,FPAY
1370,FRAF
1371,FRBA
1372,FREE
1373,FREEW
1374,FRES
1375,FRGT
1376,FRHC
1377,FRLA
1378,FRLAW
1379,FRME
1380,FRMEP
1381,FROG
1382,FRPH
1383,FRPT
1384,FRSH
1385,FRST
1386,FRSX
1387,FRZA
1388,FSBC
1389,FSBW
1390,FSEA
1391,FSFG
1392,FSHPU
1393,FSLR
1394,FSTR
1395,FSV
1396,FTAI
1397,FTAIM
1398,FTAIN
1399,FTAIO
1400,FTAIP
1401,FTCI
1402,FTDR
1403,FTEK
1404,FTEL
1405,FTFT
1406,FTHM
1407,FTII
1408,FTIIW
1409,FTLF
1410,FTNT
1411,FTRE
1412,FUFU
1413,FUFUW
1414,FULC
1415,FULT
1416,FULTP
1417,FUNC
1418,FUND
1419,FUSB
1420,FUTU
1421,FVCB
1422,FWONA
1423,FWONK
1424,FWRD
1425,FWRG
1426,FXNC
1427,FYBR
1428,GABC
1429,GAIA
1430,GAIN
1431,GAINL
1432,GAINN
1433,GAINZ
1434,GALT
1435,GAMB
1436,GAMC
1437,GAME
1438,GAN
1439,GANX
1440,GAQ
1441,GASS
1442,GATE
1443,GAUZ
1444,GBBK
1445,GBBKR
1446,GBBKW
1447,GBDC
1448,GBIO
1449,GBNY
1450,GCBC
1451,GCMG
1452,GCMGW
1453,GCT
1454,GCTK
1455,GDC
1456,GDEN
1457,GDEV
1458,GDEVW
1459,GDHG
1460,GDRX
1461,GDS
1462,GDST
1463,GDSTW
1464,GDTC
1465,GDYN
1466,GECC
1467,GECCI
1468,GECCM
1469,GECCO
1470,GECCZ
1471,GEG
1472,GEGGL
1473,GEHC
1474,GEN
1475,GENE
1476,GENK
1477,GEOS
1478,GERN
1479,GEVO
1480,GFAI
1481,GFS
1482,GGAL
1483,GGR
1484,GGROW
1485,GH
1486,GHIX
1487,GHIXW
1488,GHRS
1489,GHSI
1490,GIFI
1491,GIGM
1492,GIII
1493,GILD
1494,GILT
1495,GIPR
1496,GLAC
1497,GLAD
1498,GLADZ
1499,GLBE
1500,GLBS
1501,GLBZ
1502,GLDD
1503,GLLI
1504,GLLIR
1505,GLLIW
1506,GLMD
1507,GLNG
1508,GLPG
1509,GLPI
1510,GLRE
1511,GLSI
1512,GLST
1513,GLTO
1514,GLUE
1515,GLYC
1516,GMAB
1517,GMGI
1518,GMM
1519,GNFT
1520,GNLN
1521,GNLX
1522,GNPX
1523,GNSS
1524,GNTA
1525,GNTX
1526,GO
1527,GOCO
1528,GODNR
1529,GOEV
1530,GOEVW
1531,GOGL
1532,GOGO
1533,GOOD
1534,GOODN
1535,GOODO
1536,GOOG
1537,GOOGL
1538,GORV
1539,GOSS
1540,GOVX
1541,GOVXW
1542,GP
1543,GPAC
1544,GPACU
1545,GPACW
1546,GPAK
1547,GPATU
1548,GPCR
1549,GPRE
1550,GPRO
1551,GRAB
1552,GRABW
1553,GRAL
1554,GRDI
1555,GRDIW
1556,GREE
1557,GREEL
1558,GRFS
1559,GRI
1560,GRIN
1561,GRNQ
1562,GROM
1563,GROMW
1564,GROW
1565,GRPN
1566,GRRR
1567,GRRRW
1568,GRTS
1569,GRVY
1570,GRWG
1571,GRYP
1572,GSBC
1573,GSHD
1574,GSIT
1575,GSIW
1576,GSM
1577,GSMGW
1578,GSUN
1579,GT
1580,GTAC
1581,GTACW
1582,GTBP
1583,GTEC
1584,GTHX
1585,GTI
1586,GTIM
1587,GTLB
1588,GTX
1589,GURE
1590,GUTS
1591,GV
1592,GVH
1593,GVP
1594,GWAV
1595,GWRS
1596,GXAI
1597,GYRE
1598,GYRO
1599,HA
1600,HAFC
1601,HAIA
1602,HAIN
1603,HALO
1604,HAO
1605,HAS
1606,HAYN
1607,HBAN
1608,HBANL
1609,HBANM
1610,HBANP
1611,HBCP
1612,HBIO
1613,HBNC
1614,HBT
1615,HCAT
1616,HCKT
1617,HCM
1618,HCP
1619,HCSG
1620,HCTI
1621,HCVI
1622,HCVIW
1623,HCWB
1624,HDL
1625,HDSN
1626,HEAR
1627,HEES
1628,HELE
1629,HEPA
1630,HEPS
1631,HFBL
1632,HFFG
1633,HFWA
1634,HGBL
1635,HHGC
1636,HHGCR
1637,HHGCU
1638,HHGCW
1639,HHS
1640,HIBB
1641,HIFS
1642,HIHO
1643,HIMX
1644,HITI
1645,HIVE
1646,HKIT
1647,HLIT
1648,HLMN
1649,HLNE
1650,HLP
1651,HLVX
1652,HLXB
1653,HMNF
1654,HMST
1655,HNNA
1656,HNNAZ
1657,HNRG
1658,HNST
1659,HNVR
1660,HOFT
1661,HOFV
1662,HOFVW
1663,HOLI
1664,HOLO
1665,HOLOW
1666,HOLX
1667,HON
1668,HONE
1669,HOOD
1670,HOOK
1671,HOPE
1672,HOTH
1673,HOUR
1674,HOVNP
1675,HOVR
1676,HOVRW
1677,HOWL
1678,HPCO
1679,HPH
1680,HPK
1681,HPKEW
1682,HQI
1683,HQY
1684,HRMY
1685,HROW
1686,HROWL
1687,HROWM
1688,HRTX
1689,HRYU
1690,HRZN
1691,HSAI
1692,HSCS
1693,HSCSW
1694,HSDT
1695,HSIC
1696,HSII
1697,HSON
1698,HSPO
1699,HSPOR
1700,HSPOW
1701,HST
1702,HSTM
1703,HTBI
1704,HTBK
1705,HTCR
1706,HTHT
1707,HTIA
1708,HTIBP
1709,HTLD
1710,HTLF
1711,HTLFP
1712,HTOO
1713,HTOOW
1714,HTZ
1715,HTZWW
1716,HUBC
1717,HUBCW
1718,HUBCZ
1719,HUBG
1720,HUDA
1721,HUDAR
1722,HUDI
1723,HUGE
1724,HUIZ
1725,HUMA
1726,HUMAW
1727,HURC
1728,HURN
1729,HUT
1730,HWBK
1731,HWC
1732,HWCPZ
1733,HWH
1734,HWKN
1735,HYFM
1736,HYMC
1737,HYMCL
1738,HYMCW
1739,HYPR
1740,HYW
1741,HYZN
1742,HYZNW
1743,IAC
1744,IART
1745,IAS
1746,IBAC
1747,IBACR
1748,IBCP
1749,IBEX
1750,IBKR
1751,IBOC
1752,IBRX
1753,IBTX
1754,ICAD
1755,ICCC
1756,ICCH
1757,ICCM
1758,ICCT
1759,ICFI
1760,ICG
1761,ICHR
1762,ICLK
1763,ICLR
1764,ICMB
1765,ICU
1766,ICUCW
1767,ICUI
1768,IDAI
1769,IDCC
1770,IDEX
1771,IDN
1772,IDXX
1773,IDYA
1774,IEP
1775,IESC
1776,IFBD
1777,IFRX
1778,IGIC
1779,IGMS
1780,IGTA
1781,IGTAR
1782,IGTAW
1783,IHRT
1784,III
1785,IIIV
1786,IINN
1787,IINNW
1788,IKNA
1789,IKT
1790,ILAG
1791,ILMN
1792,ILPT
1793,IMAB
1794,IMAQ
1795,IMAQW
1796,IMCC
1797,IMCR
1798,IMKTA
1799,IMMP
1800,IMMR
1801,IMMX
1802,IMNM
1803,IMNN
1804,IMOS
1805,IMPP
1806,IMPPP
1807,IMRN
1808,IMRX
1809,IMTE
1810,IMTX
1811,IMTXW
1812,IMUX
1813,IMVT
1814,IMXI
1815,INAB
1816,INAQ
1817,INAQW
1818,INBK
1819,INBKZ
1820,INBS
1821,INBX
1822,INCR
1823,INCY
1824,INDB
1825,INDI
1826,INDP
1827,INDV
1828,INFN
1829,INGN
1830,INHD
1831,INKT
1832,INM
1833,INMB
1834,INMD
1835,INNV
1836,INO
1837,INOD
1838,INSE
1839,INSG
1840,INSM
1841,INTA
1842,INTC
1843,INTE
1844,INTG
1845,INTJ
1846,INTR
1847,INTS
1848,INTU
1849,INTZ
1850,INVA
1851,INVE
1852,INVO
1853,INVZ
1854,INVZW
1855,INZY
1856,IOBT
1857,IONM
1858,IONR
1859,IONS
1860,IOSP
1861,IOVA
1862,IPA
1863,IPAR
1864,IPDN
1865,IPGP
1866,IPHA
1867,IPSC
1868,IPW
1869,IPWR
1870,IPX
1871,IPXX
1872,IPXXU
1873,IPXXW
1874,IQ
1875,IRAA
1876,IRAAU
1877,IRAAW
1878,IRBT
1879,IRDM
1880,IREN
1881,IRIX
1882,IRMD
1883,IROH
1884,IROHR
1885,IROHW
1886,IRON
1887,IROQ
1888,IRTC
1889,IRWD
1890,ISPC
1891,ISPO
1892,ISPOW
1893,ISPR
1894,ISRG
1895,ISRL
1896,ISRLW
1897,ISSC
1898,ISTR
1899,ITCI
1900,ITI
1901,ITIC
1902,ITOS
1903,ITRI
1904,ITRM
1905,ITRN
1906,IVA
1907,IVAC
1908,IVCA
1909,IVCAW
1910,IVCB
1911,IVCBW
1912,IVCP
1913,IVCPW
1914,IVDA
1915,IVP
1916,IVVD
1917,IXAQ
1918,IXHL
1919,IZEA
1920,IZM
1921,JACK
1922,JAGX
1923,JAKK
1924,JAMF
1925,JAN
1926,JANX
1927,JAZZ
1928,JBHT
1929,JBLU
1930,JBSS
1931,JCSE
1932,JCTCF
1933,JD
1934,JDZG
1935,JEWL
1936,JFBR
1937,JFIN
1938,JFU
1939,JG
1940,JJSF
1941,JKHY
1942,JL
1943,JMSB
1944,JNVR
1945,JOUT
1946,JRSH
1947,JRVR
1948,JSM
1949,JSPR
1950,JSPRW
1951,JTAI
1952,JTAIW
1953,JTAIZ
1954,JUNE
1955,JVA
1956,JVSA
1957,JVSAR
1958,JWEL
1959,JXJT
1960,JYD
1961,JYNT
1962,JZ
1963,JZXN
1964,KA
1965,KACL
1966,KACLR
1967,KACLW
1968,KALA
1969,KALU
1970,KALV
1971,KARO
1972,KAVL
1973,KC
1974,KDLY
1975,KDLYW
1976,KDP
1977,KE
1978,KELYA
1979,KELYB
1980,KEQU
1981,KFFB
1982,KGEI
1983,KHC
1984,KIDS
1985,KINS
1986,KIRK
1987,KITT
1988,KITTW
1989,KLAC
1990,KLIC
1991,KLTR
1992,KLXE
1993,KMDA
1994,KNDI
1995,KNSA
1996,KOD
1997,KOPN
1998,KOSS
1999,KPLT
2000,KPLTW
2001,KPRX
2002,KPTI
2003,KRKR
2004,KRMD
2005,KRNL
2006,KRNLU
2007,KRNLW
2008,KRNT
2009,KRNY
2010,KRON
2011,KROS
2012,KRRO
2013,KRT
2014,KRUS
2015,KRYS
2016,KSCP
2017,KSPI
2018,KTCC
2019,KTOS
2020,KTRA
2021,KTTA
2022,KURA
2023,KVAC
2024,KVACW
2025,KVHI
2026,KWE
2027,KWESW
2028,KXIN
2029,KYMR
2030,KYTX
2031,KZIA
2032,KZR
2033,LAB
2034,LAES
2035,LAKE
2036,LAMR
2037,LANC
2038,LAND
2039,LANDM
2040,LANDO
2041,LANDP
2042,LARK
2043,LASE
2044,LASR
2045,LATG
2046,LAUR
2047,LAZR
2048,LBPH
2049,LBRDA
2050,LBRDK
2051,LBRDP
2052,LBTYA
2053,LBTYB
2054,LBTYK
2055,LCFY
2056,LCID
2057,LCNB
2058,LCUT
2059,LDTC
2060,LDTCW
2061,LDWY
2062,LE
2063,LECO
2064,LEDS
2065,LEE
2066,LEGH
2067,LEGN
2068,LENZ
2069,LESL
2070,LEXX
2071,LEXXW
2072,LFCR
2073,LFLY
2074,LFLYW
2075,LFMD
2076,LFMDP
2077,LFST
2078,LFUS
2079,LFVN
2080,LFWD
2081,LGCB
2082,LGCL
2083,LGHL
2084,LGHLW
2085,LGIH
2086,LGMK
2087,LGND
2088,LGO
2089,LGVN
2090,LI
2091,LICN
2092,LIDR
2093,LIDRW
2094,LIF
2095,LIFW
2096,LIFWW
2097,LILA
2098,LILAK
2099,LILM
2100,LILMW
2101,LIN
2102,LINC
2103,LIND
2104,LINK
2105,LION
2106,LIPO
2107,LIQT
2108,LITE
2109,LITM
2110,LIVE
2111,LIVN
2112,LIXT
2113,LIXTW
2114,LKCO
2115,LKFN
2116,LKQ
2117,LLYVA
2118,LLYVK
2119,LMAT
2120,LMB
2121,LMFA
2122,LMNR
2123,LNKB
2124,LNSR
2125,LNT
2126,LNTH
2127,LNW
2128,LNZA
2129,LNZAW
2130,LOAN
2131,LOBO
2132,LOCO
2133,LOGC
2134,LOGI
2135,LOOP
2136,LOPE
2137,LOT
2138,LOTWW
2139,LOVE
2140,LPCN
2141,LPLA
2142,LPRO
2143,LPSN
2144,LPTH
2145,LPTX
2146,LQDA
2147,LQDT
2148,LQR
2149,LRCX
2150,LRE
2151,LRFC
2152,LRHC
2153,LRMR
2154,LSAK
2155,LSB
2156,LSBK
2157,LSBPW
2158,LSCC
2159,LSDI
2160,LSEA
2161,LSEAW
2162,LSH
2163,LSTA
2164,LSTR
2165,LSXMA
2166,LSXMB
2167,LSXMK
2168,LTBR
2169,LTRN
2170,LTRX
2171,LTRY
2172,LTRYW
2173,LUCD
2174,LUCY
2175,LUCYW
2176,LULU
2177,LUMO
2178,LUNA
2179,LUNG
2180,LUNR
2181,LUNRW
2182,LUXH
2183,LUXHP
2184,LVLU
2185,LVO
2186,LVRO
2187,LVROW
2188,LVTX
2189,LWAY
2190,LWLG
2191,LX
2192,LXEH
2193,LXEO
2194,LXRX
2195,LYEL
2196,LYFT
2197,LYRA
2198,LYT
2199,LYTS
2200,LZ
2201,MACAW
2202,MACIU
2203,MAMA
2204,MAMO
2205,MANH
2206,MAPS
2207,MAPSW
2208,MAQC
2209,MAQCW
2210,MAR
2211,MARA
2212,MARPS
2213,MARX
2214,MASI
2215,MASS
2216,MAT
2217,MATH
2218,MATW
2219,MAXN
2220,MAYS
2221,MBCN
2222,MBIN
2223,MBINM
2224,MBINN
2225,MBINO
2226,MBIO
2227,MBLY
2228,MBNKP
2229,MBOT
2230,MBRX
2231,MBUU
2232,MBWM
2233,MCAA
2234,MCAC
2235,MCACR
2236,MCAG
2237,MCAGR
2238,MCBC
2239,MCBS
2240,MCFT
2241,MCHP
2242,MCHX
2243,MCRB
2244,MCRI
2245,MCVT
2246,MDAI
2247,MDAIW
2248,MDB
2249,MDBH
2250,MDGL
2251,MDIA
2252,MDJH
2253,MDLZ
2254,MDRR
2255,MDRRP
2256,MDWD
2257,MDXG
2258,MDXH
2259,ME
2260,MEDP
2261,MEDS
2262,MEGL
2263,MEIP
2264,MELI
2265,MEOH
2266,MERC
2267,MESA
2268,MESO
2269,META
2270,METC
2271,METCB
2272,METCL
2273,MFH
2274,MFI
2275,MFIC
2276,MFICL
2277,MFIN
2278,MGEE
2279,MGIC
2280,MGIH
2281,MGNI
2282,MGNX
2283,MGOL
2284,MGPI
2285,MGRC
2286,MGRM
2287,MGRX
2288,MGTX
2289,MGX
2290,MGYR
2291,MHLD
2292,MHUA
2293,MICS
2294,MIDD
2295,MIGI
2296,MIND
2297,MINDP
2298,MINM
2299,MIRA
2300,MIRM
2301,MIST
2302,MITA
2303,MITAW
2304,MITK
2305,MKSI
2306,MKTW
2307,MKTX
2308,MLAB
2309,MLCO
2310,MLEC
2311,MLECW
2312,MLGO
2313,MLKN
2314,MLTX
2315,MLYS
2316,MMAT
2317,MMLP
2318,MMSI
2319,MMV
2320,MMVWW
2321,MMYT
2322,MNDO
2323,MNDR
2324,MNDY
2325,MNKD
2326,MNMD
2327,MNOV
2328,MNPR
2329,MNRO
2330,MNSB
2331,MNSBP
2332,MNST
2333,MNTK
2334,MNTS
2335,MNTSW
2336,MNTX
2337,MNY
2338,MNYWW
2339,MOB
2340,MOBBW
2341,MOBX
2342,MODD
2343,MODV
2344,MOFG
2345,MOGO
2346,MOLN
2347,MOMO
2348,MOND
2349,MOR
2350,MORF
2351,MORN
2352,MOVE
2353,MPAA
2354,MPB
2355,MPWR
2356,MQ
2357,MRAM
2358,MRBK
2359,MRCC
2360,MRCY
2361,MREO
2362,MRIN
2363,MRKR
2364,MRM
2365,MRNA
2366,MRNO
2367,MRNOW
2368,MRNS
2369,MRSN
2370,MRTN
2371,MRUS
2372,MRVI
2373,MRVL
2374,MRX
2375,MSAI
2376,MSAIW
2377,MSBI
2378,MSBIP
2379,MSEX
2380,MSFT
2381,MSGM
2382,MSS
2383,MSSA
2384,MSSAW
2385,MSTR
2386,MTC
2387,MTCH
2388,MTEK
2389,MTEKW
2390,MTEM
2391,MTEN
2392,MTEX
2393,MTLS
2394,MTRX
2395,MTSI
2396,MTTR
2397,MU
2398,MULN
2399,MURA
2400,MVBF
2401,MVIS
2402,MVST
2403,MVSTW
2404,MXCT
2405,MXL
2406,MYFW
2407,MYGN
2408,MYMD
2409,MYNA
2410,MYNZ
2411,MYPS
2412,MYPSW
2413,MYRG
2414,MYSZ
2415,
2416,NAAS
2417,NAII
2418,NAMS
2419,NAMSW
2420,NAOV
2421,NARI
2422,NATH
2423,NATR
2424,NAUT
2425,NAVI
2426,NB
2427,NBBK
2428,NBIX
2429,NBN
2430,NBST
2431,NBSTW
2432,NBTB
2433,NBTX
2434,NCI
2435,NCMI
2436,NCNA
2437,NCNC
2438,NCNO
2439,NCPL
2440,NCPLW
2441,NCRA
2442,NCSM
2443,NCTY
2444,NDAQ
2445,NDLS
2446,NDRA
2447,NDSN
2448,NECB
2449,NEGG
2450,NEO
2451,NEOG
2452,NEON
2453,NEOV
2454,NEOVW
2455,NEPH
2456,NERV
2457,NETD
2458,NETDW
2459,NEWT
2460,NEWTG
2461,NEWTI
2462,NEWTL
2463,NEWTZ
2464,NEXI
2465,NEXN
2466,NEXT
2467,NFBK
2468,NFE
2469,NFLX
2470,NGNE
2471,NHTC
2472,NICE
2473,NICK
2474,NIOBW
2475,NISN
2476,NITO
2477,NIU
2478,NIVF
2479,NIVFW
2480,NKGN
2481,NKLA
2482,NKSH
2483,NKTR
2484,NKTX
2485,NLSP
2486,NLSPW
2487,NMFC
2488,NMFCZ
2489,NMHI
2490,NMHIW
2491,NMIH
2492,NMRA
2493,NMRK
2494,NMTC
2495,NN
2496,NNAG
2497,NNAGR
2498,NNAGW
2499,NNAVW
2500,NNBR
2501,NNDM
2502,NNE
2503,NNOX
2504,NODK
2505,NOTV
2506,NOVT
2507,NOVV
2508,NOVVR
2509,NPAB
2510,NPABU
2511,NPCE
2512,NRBO
2513,NRC
2514,NRDS
2515,NRIM
2516,NRIX
2517,NRSN
2518,NRSNW
2519,NRXP
2520,NRXPW
2521,NSIT
2522,NSPR
2523,NSSC
2524,NSTS
2525,NSYS
2526,NTAP
2527,NTBL
2528,NTCT
2529,NTES
2530,NTGR
2531,NTIC
2532,NTLA
2533,NTNX
2534,NTRA
2535,NTRB
2536,NTRBW
2537,NTRP
2538,NTRS
2539,NTRSO
2540,NTWK
2541,NUKK
2542,NUKKW
2543,NURO
2544,NUTX
2545,NUVL
2546,NUVO
2547,NUVOW
2548,NUWE
2549,NUZE
2550,NVACR
2551,NVACW
2552,NVAX
2553,NVCR
2554,NVCT
2555,NVDA
2556,NVEC
2557,NVEE
2558,NVEI
2559,NVFY
2560,NVMI
2561,NVNI
2562,NVNIW
2563,NVNO
2564,NVOS
2565,NVTS
2566,NVVE
2567,NVVEW
2568,NVX
2569,NWBI
2570,NWE
2571,NWFL
2572,NWGL
2573,NWL
2574,NWLI
2575,NWPX
2576,NWS
2577,NWSA
2578,NWTN
2579,NWTNW
2580,NXGL
2581,NXGLW
2582,NXL
2583,NXLIW
2584,NXPI
2585,NXPL
2586,NXPLW
2587,NXST
2588,NXT
2589,NXTC
2590,NXTT
2591,NXU
2592,NYAX
2593,NYMT
2594,NYMTL
2595,NYMTM
2596,NYMTN
2597,NYMTZ
2598,NYXH
2599,OABI
2600,OABIW
2601,OAKU
2602,OAKUR
2603,OAKUW
2604,OB
2605,OBIO
2606,OBLG
2607,OBT
2608,OCAX
2609,OCC
2610,OCCI
2611,OCCIN
2612,OCCIO
2613,OCEA
2614,OCEAW
2615,OCFC
2616,OCFCP
2617,OCG
2618,OCGN
2619,OCS
2620,OCSAW
2621,OCSL
2622,OCTO
2623,OCUL
2624,OCUP
2625,OCX
2626,ODD
2627,ODFL
2628,ODP
2629,ODVWZ
2630,OESX
2631,OFIX
2632,OFLX
2633,OFS
2634,OFSSH
2635,OGI
2636,OKTA
2637,OKYO
2638,OLB
2639,OLED
2640,OLK
2641,OLLI
2642,OLMA
2643,OLPX
2644,OM
2645,OMAB
2646,OMCL
2647,OMER
2648,OMEX
2649,OMGA
2650,OMH
2651,OMIC
2652,ON
2653,ONB
2654,ONBPO
2655,ONBPP
2656,ONCO
2657,ONCT
2658,ONCY
2659,ONDS
2660,ONEW
2661,ONFO
2662,ONFOW
2663,ONMD
2664,ONMDW
2665,ONVO
2666,ONYX
2667,OP
2668,OPAL
2669,OPBK
2670,OPCH
2671,OPEN
2672,OPGN
2673,OPHC
2674,OPI
2675,OPINL
2676,OPK
2677,OPOF
2678,OPRA
2679,OPRT
2680,OPRX
2681,OPT
2682,OPTN
2683,OPTX
2684,OPTXW
2685,OPXS
2686,ORGN
2687,ORGNW
2688,ORGO
2689,ORGS
2690,ORIC
2691,ORLY
2692,ORMP
2693,ORRF
2694,OSBC
2695,OSIS
2696,OSPN
2697,OSS
2698,OST
2699,OSUR
2700,OSW
2701,OTEX
2702,OTLK
2703,OTLY
2704,OTRK
2705,OTTR
2706,OVBC
2707,OVID
2708,OVLY
2709,OXBR
2710,OXBRW
2711,OXLC
2712,OXLCL
2713,OXLCM
2714,OXLCN
2715,OXLCO
2716,OXLCP
2717,OXLCZ
2718,OXSQ
2719,OXSQG
2720,OXSQZ
2721,OZK
2722,OZKAP
2723,PAA
2724,PACB
2725,PAGP
2726,PAHC
2727,PAL
2728,PALI
2729,PALT
2730,PANL
2731,PANW
2732,PARA
2733,PARAA
2734,PASG
2735,PATK
2736,PAVM
2737,PAVMZ
2738,PAVS
2739,PAX
2740,PAYO
2741,PAYOW
2742,PAYS
2743,PAYX
2744,PBBK
2745,PBFS
2746,PBHC
2747,PBM
2748,PBMWW
2749,PBPB
2750,PBYI
2751,PCAR
2752,PCB
2753,PCH
2754,PCRX
2755,PCSA
2756,PCSC
2757,PCT
2758,PCTTU
2759,PCTTW
2760,PCTY
2761,PCVX
2762,PCYO
2763,PDCO
2764,PDD
2765,PDEX
2766,PDFS
2767,PDLB
2768,PDSB
2769,PDYN
2770,PDYNW
2771,PEBK
2772,PEBO
2773,PECO
2774,PEGA
2775,PEGR
2776,PEGRU
2777,PEGRW
2778,PEGY
2779,PENN
2780,PEP
2781,PEPG
2782,PERI
2783,PESI
2784,PET
2785,PETQ
2786,PETS
2787,PETWW
2788,PETZ
2789,PEV
2790,PFBC
2791,PFC
2792,PFG
2793,PFIE
2794,PFIS
2795,PFMT
2796,PFTA
2797,PFX
2798,PFXNZ
2799,PGC
2800,PGEN
2801,PGNY
2802,PGY
2803,PGYWW
2804,PHAR
2805,PHAT
2806,PHIO
2807,PHUN
2808,PHVS
2809,PI
2810,PIII
2811,PIIIW
2812,PIK
2813,PINC
2814,PIRS
2815,PIXY
2816,PKBK
2817,PKOH
2818,PLAB
2819,PLAO
2820,PLAY
2821,PLBC
2822,PLBY
2823,PLCE
2824,PLL
2825,PLMI
2826,PLMIU
2827,PLMIW
2828,PLMJ
2829,PLMJW
2830,PLMR
2831,PLPC
2832,PLRX
2833,PLSE
2834,PLTK
2835,PLUG
2836,PLUR
2837,PLUS
2838,PLXS
2839,PLYA
2840,PMCB
2841,PMD
2842,PMEC
2843,PMN
2844,PMTS
2845,PMVP
2846,PNBK
2847,PNFP
2848,PNFPP
2849,PNRG
2850,PNTG
2851,POAI
2852,POCI
2853,PODC
2854,PODD
2855,POET
2856,POLA
2857,POOL
2858,POWI
2859,POWL
2860,POWW
2861,POWWP
2862,PPBI
2863,PPBT
2864,PPC
2865,PPIH
2866,PPSI
2867,PPTA
2868,PPYA
2869,PPYAU
2870,PPYAW
2871,PRAA
2872,PRAX
2873,PRCH
2874,PRCT
2875,PRDO
2876,PRE
2877,PRENW
2878,PRFT
2879,PRFX
2880,PRGS
2881,PRLD
2882,PRLH
2883,PRLHW
2884,PRME
2885,PROC
2886,PROCW
2887,PROF
2888,PROK
2889,PROP
2890,PROV
2891,PRPH
2892,PRPL
2893,PRPO
2894,PRQR
2895,PRSO
2896,PRST
2897,PRSTW
2898,PRTA
2899,PRTC
2900,PRTG
2901,PRTH
2902,PRTS
2903,PRVA
2904,PRZO
2905,PSEC
2906,PSHG
2907,PSMT
2908,PSNL
2909,PSNY
2910,PSNYW
2911,PSTV
2912,PSTX
2913,PT
2914,PTC
2915,PTCT
2916,PTEN
2917,PTGX
2918,PTIX
2919,PTIXW
2920,PTLO
2921,PTMN
2922,PTON
2923,PTPI
2924,PTSI
2925,PTVE
2926,PTWO
2927,PTWOW
2928,PUBM
2929,PULM
2930,PVBC
2931,PWFL
2932,PWM
2933,PWOD
2934,PWP
2935,PWUP
2936,PWUPU
2937,PWUPW
2938,PXDT
2939,PXLW
2940,PXS
2941,PXSAP
2942,PXSAW
2943,PYCR
2944,PYPD
2945,PYPL
2946,PYXS
2947,PZZA
2948,QCOM
2949,QCRH
2950,QDEL
2951,QETA
2952,QETAR
2953,QFIN
2954,QH
2955,QIPT
2956,QLGN
2957,QLI
2958,QLYS
2959,QMCO
2960,QNCX
2961,QNRX
2962,QNST
2963,QOMO
2964,QOMOW
2965,QQQX
2966,QRHC
2967,QRTEA
2968,QRTEB
2969,QRTEP
2970,QRVO
2971,QSG
2972,QSI
2973,QSIAW
2974,QTI
2975,QTRX
2976,QTTB
2977,QUBT
2978,QUIK
2979,QURE
2980,QXO
2981,RAIL
2982,RAND
2983,RANI
2984,RAPP
2985,RAPT
2986,RARE
2987,RAVE
2988,RAY
2989,RAYA
2990,RBB
2991,RBBN
2992,RBCAA
2993,RBKB
2994,RCAT
2995,RCEL
2996,RCKT
2997,RCKTW
2998,RCKY
2999,RCM
3000,RCMT
3001,RCON
3002,RCRT
3003,RDCM
3004,RDFN
3005,RDHL
3006,RDI
3007,RDIB
3008,RDNT
3009,RDUS
3010,RDVT
3011,RDWR
3012,RDZN
3013,REAL
3014,REAX
3015,REBN
3016,RECT
3017,REE
3018,REFI
3019,REFR
3020,REG
3021,REGCO
3022,REGCP
3023,REGN
3024,REKR
3025,RELI
3026,RELIW
3027,RELL
3028,RELY
3029,RENB
3030,RENE
3031,RENEW
3032,RENT
3033,REPL
3034,RETO
3035,REVB
3036,REVBW
3037,REYN
3038,RFAC
3039,RFACR
3040,RFAIU
3041,RFIL
3042,RGC
3043,RGCO
3044,RGEN
3045,RGF
3046,RGLD
3047,RGLS
3048,RGNX
3049,RGP
3050,RGS
3051,RGTI
3052,RGTIW
3053,RICK
3054,RIGL
3055,RILY
3056,RILYG
3057,RILYK
3058,RILYL
3059,RILYM
3060,RILYN
3061,RILYP
3062,RILYT
3063,RILYZ
3064,RIOT
3065,RIVN
3066,RKDA
3067,RKLB
3068,RLAY
3069,RLMD
3070,RLYB
3071,RMBI
3072,RMBL
3073,RMBS
3074,RMCF
3075,RMCO
3076,RMCOW
3077,RMNI
3078,RMR
3079,RMTI
3080,RNA
3081,RNAC
3082,RNAZ
3083,RNLX
3084,RNW
3085,RNWWW
3086,RNXT
3087,ROAD
3088,ROCK
3089,ROCL
3090,ROCLW
3091,ROIC
3092,ROIV
3093,ROKU
3094,ROMA
3095,ROOT
3096,ROP
3097,ROST
3098,RPAY
3099,RPD
3100,RPHM
3101,RPID
3102,RPRX
3103,RPTX
3104,RR
3105,RRBI
3106,RRGB
3107,RRR
3108,RSLS
3109,RSSS
3110,RSVR
3111,RSVRW
3112,RTC
3113,RUM
3114,RUMBW
3115,RUN
3116,RUSHA
3117,RUSHB
3118,RVMD
3119,RVMDW
3120,RVNC
3121,RVPH
3122,RVPHW
3123,RVSB
3124,RVSN
3125,RVYL
3126,RWAY
3127,RWAYL
3128,RWAYZ
3129,RXRX
3130,RXST
3131,RXT
3132,RYAAY
3133,RYTM
3134,RZLT
3135,SABR
3136,SABS
3137,SABSW
3138,SAFT
3139,SAGE
3140,SAI
3141,SAIA
3142,SAIC
3143,SAITW
3144,SAMG
3145,SANA
3146,SANG
3147,SANM
3148,SANW
3149,SASR
3150,SATL
3151,SATS
3152,SAVA
3153,SBAC
3154,SBCF
3155,SBET
3156,SBFG
3157,SBFM
3158,SBGI
3159,SBLK
3160,SBRA
3161,SBSI
3162,SBT
3163,SBUX
3164,SCHL
3165,SCKT
3166,SCLX
3167,SCLXW
3168,SCNI
3169,SCOR
3170,SCPH
3171,SCSC
3172,SCVL
3173,SCWO
3174,SCWX
3175,SCYX
3176,SDA
3177,SDAWW
3178,SDGR
3179,SDIG
3180,SDOT
3181,SEAT
3182,SEATW
3183,SEDG
3184,SEED
3185,SEEL
3186,SEER
3187,SEIC
3188,SELF
3189,SELX
3190,SENEA
3191,SENEB
3192,SEPA
3193,SEPAU
3194,SEPAW
3195,SERA
3196,SERV
3197,SEVN
3198,SEZL
3199,SFBC
3200,SFIX
3201,SFM
3202,SFNC
3203,SFST
3204,SFWL
3205,SGA
3206,SGBX
3207,SGC
3208,SGD
3209,SGH
3210,SGHT
3211,SGLY
3212,SGMA
3213,SGML
3214,SGMO
3215,SGMT
3216,SGRP
3217,SGRY
3218,SHBI
3219,SHC
3220,SHCR
3221,SHCRW
3222,SHEN
3223,SHFS
3224,SHFSW
3225,SHIM
3226,SHIP
3227,SHLS
3228,SHLT
3229,SHMD
3230,SHMDW
3231,SHOO
3232,SHOT
3233,SHOTW
3234,SHPH
3235,SHPW
3236,SHPWW
3237,SHYF
3238,SIBN
3239,SIDU
3240,SIEB
3241,SIFY
3242,SIGA
3243,SIGI
3244,SIGIP
3245,SILC
3246,SILK
3247,SILO
3248,SIMO
3249,SINT
3250,SIRI
3251,SISI
3252,SITM
3253,SJ
3254,SKGR
3255,SKGRW
3256,SKIN
3257,SKWD
3258,SKYE
3259,SKYT
3260,SKYW
3261,SKYX
3262,SLAB
3263,SLAM
3264,SLAMW
3265,SLDB
3266,SLDP
3267,SLDPW
3268,SLE
3269,SLGL
3270,SLM
3271,SLMBP
3272,SLN
3273,SLNA
3274,SLNAW
3275,SLNG
3276,SLNH
3277,SLNHP
3278,SLNO
3279,SLP
3280,SLRC
3281,SLRN
3282,SLRX
3283,SLS
3284,SLVO
3285,SMBC
3286,SMCI
3287,SMFL
3288,SMID
3289,SMLR
3290,SMMT
3291,SMPL
3292,SMSI
3293,SMTC
3294,SMTI
3295,SMTK
3296,SMX
3297,SMXT
3298,SMXWW
3299,SNAL
3300,SNAX
3301,SNAXW
3302,SNBR
3303,SNCR
3304,SNCRL
3305,SNCY
3306,SND
3307,SNDL
3308,SNDX
3309,SNES
3310,SNEX
3311,SNFCA
3312,SNGX
3313,SNOA
3314,SNPS
3315,SNPX
3316,SNSE
3317,SNT
3318,SNTG
3319,SNTI
3320,SNY
3321,SOBR
3322,SOFI
3323,SOGP
3324,SOHO
3325,SOHOB
3326,SOHON
3327,SOHOO
3328,SOHU
3329,SOND
3330,SONDW
3331,SONM
3332,SONN
3333,SONO
3334,SOPA
3335,SOPH
3336,SOTK
3337,SOUN
3338,SOUNW
3339,SOWG
3340,SPCB
3341,SPEC
3342,SPECW
3343,SPFI
3344,SPGC
3345,SPI
3346,SPKL
3347,SPKLU
3348,SPKLW
3349,SPNS
3350,SPOK
3351,SPPL
3352,SPRB
3353,SPRC
3354,SPRO
3355,SPRY
3356,SPSC
3357,SPT
3358,SPTN
3359,SPWH
3360,SPWR
3361,SQFT
3362,SQFTP
3363,SQFTW
3364,SRAD
3365,SRBK
3366,SRCE
3367,SRCL
3368,SRDX
3369,SRM
3370,SRPT
3371,SRRK
3372,SRTS
3373,SRZN
3374,SRZNW
3375,SSBI
3376,SSBK
3377,SSIC
3378,SSKN
3379,SSNC
3380,SSP
3381,SSRM
3382,SSSS
3383,SSSSL
3384,SSTI
3385,SSYS
3386,STAA
3387,STAF
3388,STBA
3389,STBX
3390,STCN
3391,STEP
3392,STER
3393,STGW
3394,STHO
3395,STI
3396,STIM
3397,STKH
3398,STKL
3399,STKS
3400,STLD
3401,STNE
3402,STOK
3403,STRA
3404,STRL
3405,STRM
3406,STRO
3407,STRR
3408,STRRP
3409,STRS
3410,STRT
3411,STSS
3412,STSSW
3413,STTK
3414,STX
3415,SUGP
3416,SUPN
3417,SURG
3418,SURGW
3419,SUUN
3420,SVC
3421,SVCO
3422,SVII
3423,SVIIR
3424,SVIIW
3425,SVMH
3426,SVMHW
3427,SVRA
3428,SVRE
3429,SWAG
3430,SWBI
3431,SWIM
3432,SWIN
3433,SWKH
3434,SWKHL
3435,SWKS
3436,SWTX
3437,SWVL
3438,SWVLW
3439,SXTC
3440,SXTP
3441,SXTPW
3442,SY
3443,SYBT
3444,SYBX
3445,SYM
3446,SYNA
3447,SYPR
3448,SYRA
3449,SYRE
3450,SYRS
3451,SYT
3452,SYTA
3453,TACT
3454,TAIT
3455,TALK
3456,TALKW
3457,TANH
3458,TAOP
3459,TARA
3460,TARS
3461,TASK
3462,TATT
3463,TAYD
3464,TBBK
3465,TBIO
3466,TBLA
3467,TBLAW
3468,TBLD
3469,TBLT
3470,TBMC
3471,TBMCR
3472,TBNK
3473,TBPH
3474,TBRG
3475,TC
3476,TCBC
3477,TCBI
3478,TCBIO
3479,TCBK
3480,TCBP
3481,TCBPW
3482,TCBS
3483,TCBX
3484,TCJH
3485,TCMD
3486,TCOM
3487,TCPC
3488,TCRT
3489,TCRX
3490,TCTM
3491,TCX
3492,TDUP
3493,TEAM
3494,TECH
3495,TECTP
3496,TECX
3497,TELA
3498,TELO
3499,TEM
3500,TENB
3501,TENK
3502,TENKR
3503,TENKU
3504,TENX
3505,TER
3506,TERN
3507,TETE
3508,TFFP
3509,TFIN
3510,TFINP
3511,TFSL
3512,TGAA
3513,TGL
3514,TGTX
3515,TH
3516,THAR
3517,THCH
3518,THCP
3519,THFF
3520,THRD
3521,THRM
3522,THRY
3523,THTX
3524,TIGO
3525,TIGR
3526,TIL
3527,TILE
3528,TIPT
3529,TIRX
3530,TITN
3531,TIVC
3532,TKLF
3533,TKNO
3534,TLF
3535,TLGY
3536,TLGYW
3537,TLIS
3538,TLPH
3539,TLRY
3540,TLS
3541,TLSA
3542,TLSI
3543,TLSIW
3544,TMC
3545,TMCI
3546,TMCWW
3547,TMDX
3548,TMTC
3549,TMTCR
3550,TMUS
3551,TNDM
3552,TNGX
3553,TNON
3554,TNONW
3555,TNXP
3556,TNYA
3557,TOI
3558,TOIIW
3559,TOMZ
3560,TOP
3561,TORO
3562,TOUR
3563,TOWN
3564,TPCS
3565,TPG
3566,TPGXL
3567,TPIC
3568,TPST
3569,TRAW
3570,TRDA
3571,TREE
3572,TRIB
3573,TRIN
3574,TRINL
3575,TRINZ
3576,TRIP
3577,TRMB
3578,TRMD
3579,TRMK
3580,TRML
3581,TRNR
3582,TRNS
3583,TRON
3584,TROO
3585,TROW
3586,TRS
3587,TRSG
3588,TRST
3589,TRUE
3590,TRUG
3591,TRUP
3592,TRVG
3593,TRVI
3594,TRVN
3595,TSAT
3596,TSBK
3597,TSBX
3598,TSCO
3599,TSEM
3600,TSHA
3601,TSLA
3602,TSRI
3603,TSVT
3604,TTD
3605,TTEC
3606,TTEK
3607,TTGT
3608,TTMI
3609,TTNP
3610,TTOO
3611,TTSH
3612,TTWO
3613,TURB
3614,TURN
3615,TUSK
3616,TVGN
3617,TVGNW
3618,TVTX
3619,TW
3620,TWG
3621,TWIN
3622,TWKS
3623,TWOU
3624,TWST
3625,TXG
3626,TXMD
3627,TXN
3628,TXRH
3629,TYGO
3630,TYRA
3631,TZOO
3632,UAL
3633,UBCP
3634,UBFO
3635,UBSI
3636,UBX
3637,UBXG
3638,UCAR
3639,UCBI
3640,UCBIO
3641,UCL
3642,UCTT
3643,UDMY
3644,UEIC
3645,UFCS
3646,UFPI
3647,UFPT
3648,UG
3649,UGRO
3650,UHG
3651,UHGWW
3652,UK
3653,UKOMW
3654,ULBI
3655,ULCC
3656,ULH
3657,ULTA
3658,ULY
3659,UMBF
3660,UNB
3661,UNCY
3662,UNIT
3663,UNTY
3664,UONE
3665,UONEK
3666,UPBD
3667,UPC
3668,UPLD
3669,UPST
3670,UPWK
3671,UPXI
3672,URBN
3673,URGN
3674,UROY
3675,USAP
3676,USAU
3677,USCB
3678,USEA
3679,USEG
3680,USGO
3681,USGOW
3682,USIO
3683,USLM
3684,USOI
3685,UTHR
3686,UTMD
3687,UTSI
3688,UVSP
3689,UXIN
3690,VABK
3691,VALN
3692,VALU
3693,VANI
3694,VBFC
3695,VBIV
3696,VBNK
3697,VBTX
3698,VC
3699,VCEL
3700,VCIG
3701,VCNX
3702,VCSA
3703,VCTR
3704,VCYT
3705,VECO
3706,VEEE
3707,VEON
3708,VERA
3709,VERB
3710,VERI
3711,VERO
3712,VERU
3713,VERV
3714,VERX
3715,VERY
3716,VEV
3717,VFF
3718,VFS
3719,VFSWW
3720,VGAS
3721,VGASW
3722,VIASP
3723,VIAV
3724,VICR
3725,VIGL
3726,VINC
3727,VINO
3728,VINP
3729,VIOT
3730,VIR
3731,VIRC
3732,VIRI
3733,VIRT
3734,VIRX
3735,VISL
3736,VITL
3737,VIVK
3738,VKTX
3739,VLCN
3740,VLGEA
3741,VLY
3742,VLYPO
3743,VLYPP
3744,VMAR
3745,VMCA
3746,VMCAW
3747,VMD
3748,VMEO
3749,VNDA
3750,VNET
3751,VNOM
3752,VOD
3753,VOR
3754,VOXR
3755,VOXX
3756,VRA
3757,VRAR
3758,VRAX
3759,VRCA
3760,VRDN
3761,VREX
3762,VRM
3763,VRME
3764,VRMEW
3765,VRNA
3766,VRNS
3767,VRNT
3768,VRPX
3769,VRRM
3770,VRSK
3771,VRSN
3772,VRTX
3773,VS
3774,VSAT
3775,VSEC
3776,VSEE
3777,VSEEW
3778,VSME
3779,VSSYW
3780,VSTA
3781,VSTE
3782,VSTEW
3783,VSTM
3784,VTGN
3785,VTNR
3786,VTRS
3787,VTSI
3788,VTVT
3789,VTYX
3790,VUZI
3791,VVOS
3792,VVPR
3793,VWE
3794,VWEWW
3795,VXRT
3796,VYGR
3797,VYNE
3798,WABC
3799,WAFD
3800,WAFDP
3801,WAFU
3802,WALD
3803,WALDW
3804,WASH
3805,WATT
3806,WAVD
3807,WAVE
3808,WAVS
3809,WAY
3810,WB
3811,WBA
3812,WBD
3813,WBTN
3814,WBUY
3815,WDAY
3816,WDC
3817,WDFC
3818,WEN
3819,WENA
3820,WENAW
3821,WERN
3822,WEST
3823,WESTW
3824,WETH
3825,WEYS
3826,WFCF
3827,WFRD
3828,WGS
3829,WGSWW
3830,WHF
3831,WHFCL
3832,WHLM
3833,WHLR
3834,WHLRD
3835,WHLRP
3836,WILC
3837,WIMI
3838,WINA
3839,WING
3840,WINT
3841,WINV
3842,WINVR
3843,WINVU
3844,WINVW
3845,WIRE
3846,WISA
3847,WIX
3848,WKEY
3849,WKHS
3850,WKME
3851,WKSP
3852,WKSPW
3853,WLDN
3854,WLDS
3855,WLDSW
3856,WLFC
3857,WLGS
3858,WMG
3859,WMPN
3860,WNEB
3861,WNW
3862,WOOF
3863,WORX
3864,WPRT
3865,WRAP
3866,WRLD
3867,WRNT
3868,WSBC
3869,WSBCP
3870,WSBF
3871,WSC
3872,WSFS
3873,WTBA
3874,WTFC
3875,WTFCM
3876,WTFCP
3877,WTMA
3878,WTMAR
3879,WTO
3880,WTW
3881,WULF
3882,WVE
3883,WVVI
3884,WVVIP
3885,WW
3886,WWD
3887,WYNN
3888,XAIR
3889,XBIO
3890,XBIOW
3891,XBIT
3892,XBP
3893,XBPEW
3894,XCUR
3895,XEL
3896,XELA
3897,XELAP
3898,XELB
3899,XENE
3900,XERS
3901,XFIN
3902,XFOR
3903,XGN
3904,XHG
3905,XLO
3906,XMTR
3907,XNCR
3908,XNET
3909,XOMA
3910,XOMAO
3911,XOMAP
3912,XOS
3913,XOSWW
3914,XP
3915,XPEL
3916,XPON
3917,XRAY
3918,XRTX
3919,XRX
3920,XTIA
3921,XTKG
3922,XTLB
3923,XWEL
3924,XXII
3925,XYLO
3926,YGMZ
3927,YHGJ
3928,YI
3929,YIBO
3930,YJ
3931,YMAB
3932,YORW
3933,YOSH
3934,YOTA
3935,YOTAR
3936,YOTAW
3937,YQ
3938,YTRA
3939,YY
3940,YYAI
3941,YYGH
3942,Z
3943,ZAPP
3944,ZAPPW
3945,ZBAO
3946,ZBRA
3947,ZCAR
3948,ZCARW
3949,ZCMD
3950,ZD
3951,ZENV
3952,ZEO
3953,ZEOWW
3954,ZEUS
3955,ZG
3956,ZI
3957,ZIMV
3958,ZION
3959,ZIONL
3960,ZIONO
3961,ZIONP
3962,ZJYL
3963,ZKIN
3964,ZLAB
3965,ZLS
3966,ZLSWW
3967,ZM
3968,ZNTL
3969,ZOOZ
3970,ZOOZW
3971,ZPTA
3972,ZPTAW
3973,ZS
3974,ZTEK
3975,ZUMZ
3976,ZURA
3977,ZURAW
3978,ZVRA
3979,ZVSA
3980,ZYME
3981,ZYXI
